{"rows":[{"player_id":"GFC_Q._EYOBO","player_name":"Q. Eyobo","player_label":"Q. Eyobo · GFC","team_key":"GFC","team_name":"Galitos BARREIRO ACEDE","playing_position":"G","player_hub_href":"../scouting/player_hubs/player_hub_GFC_GFC_Q._EYOBO.html","photo_relpath":"assets/player_photos/GFC/GFC_Q._EYOBO.png","comparison_blurb":"Q. Eyobo: Higher scoring load · Efficient finisher · Negative on-off swing","games":1.0,"mpg":30.483333333333334,"ppg":20.0,"rpg":3.0,"apg":1.0,"ts_pct":0.7911392405063291,"efg_pct":0.75,"ast_pct":0.005685048322910745,"tov_pct":0.1918158567774936,"usg_pct":0.21577376176092034,"ortg":90.54127938764351,"drtg":114.16074357572444,"netrtg":-23.619464188080926,"minutes_on":30.483333333333334,"minutes_off":9.516666666666667,"on_court_pct":0.7620833333333333,"net_on_per40":-23.619464188080926,"net_off_per40":-16.81260945709282,"on_off_net_diff_per40":-6.806854730988107},{"player_id":"GFC_R._STEIN","player_name":"R. Stein","player_label":"R. Stein · GFC","team_key":"GFC","team_name":"Galitos BARREIRO ACEDE","playing_position":"F","player_hub_href":"../scouting/player_hubs/player_hub_GFC_GFC_R._STEIN.html","photo_relpath":"assets/player_photos/GFC/GFC_R._STEIN.png","comparison_blurb":"R. Stein: Negative on-off swing","games":1.0,"mpg":29.0,"ppg":9.0,"rpg":3.0,"apg":2.0,"ts_pct":0.5625,"efg_pct":0.5625,"ast_pct":0.011764705882352941,"tov_pct":0.2727272727272727,"usg_pct":0.1595214272594569,"ortg":68.96551724137932,"drtg":110.34482758620689,"netrtg":-41.37931034482757,"minutes_on":29.0,"minutes_off":11.0,"on_court_pct":0.725,"net_on_per40":-41.37931034482757,"net_off_per40":29.09090909090908,"on_off_net_diff_per40":-70.47021943573665},{"player_id":"GFC_B._LISBOA","player_name":"B. Lisboa","player_label":"B. Lisboa · GFC","team_key":"GFC","team_name":"Galitos BARREIRO ACEDE","playing_position":"PG","player_hub_href":"../scouting/player_hubs/player_hub_GFC_GFC_B._LISBOA.html","photo_relpath":"","comparison_blurb":"B. Lisboa: Creation value · Positive on-off swing","games":1.0,"mpg":26.75,"ppg":6.0,"rpg":1.0,"apg":5.0,"ts_pct":0.436046511627907,"efg_pct":0.3333333333333333,"ast_pct":0.031545741324921134,"tov_pct":0.36764705882352944,"usg_pct":0.17105250884929088,"ortg":101.6822429906542,"drtg":112.14953271028037,"netrtg":-10.467289719626166,"minutes_on":26.75,"minutes_off":13.25,"on_court_pct":0.66875,"net_on_per40":-10.467289719626166,"net_off_per40":-45.28301886792453,"on_off_net_diff_per40":34.81572914829837},{"player_id":"GFC_B._CARTER","player_name":"B. Carter","player_label":"B. Carter · GFC","team_key":"GFC","team_name":"Galitos BARREIRO ACEDE","playing_position":"F","player_hub_href":"../scouting/player_hubs/player_hub_GFC_GFC_B._CARTER.html","photo_relpath":"assets/player_photos/GFC/GFC_B._CARTER.png","comparison_blurb":"B. Carter: Secondary scoring profile · Negative on-off swing","games":1.0,"mpg":25.95,"ppg":14.0,"rpg":5.0,"apg":0.0,"ts_pct":0.4847645429362881,"efg_pct":0.5,"ast_pct":0.0,"tov_pct":0.06476683937823835,"usg_pct":0.2502270599744068,"ortg":73.98843930635839,"drtg":98.65125240847784,"netrtg":-24.662813102119458,"minutes_on":25.95,"minutes_off":14.05,"on_court_pct":0.6487499999999999,"net_on_per40":-24.662813102119458,"net_off_per40":-17.081850533807838,"on_off_net_diff_per40":-7.5809625683116195},{"player_id":"SLB_E._CRANDALL_IV","player_name":"E. Crandall IV","player_label":"E. Crandall IV · SLB","team_key":"SLB","team_name":"SL Benfica","playing_position":"","player_hub_href":"../scouting/player_hubs/player_hub_SLB_SLB_E._CRANDALL_IV.html","photo_relpath":"","comparison_blurb":"E. Crandall IV: Creation value","games":1.0,"mpg":25.6,"ppg":9.0,"rpg":2.0,"apg":11.0,"ts_pct":0.436046511627907,"efg_pct":0.3888888888888889,"ast_pct":0.06066622545775425,"tov_pct":0.22522522522522523,"usg_pct":0.21250545431211496,"ortg":113.78665003119153,"drtg":91.32875857766687,"netrtg":22.457891453524653,"minutes_on":26.716666666666665,"minutes_off":13.283333333333333,"on_court_pct":0.6679166666666666,"net_on_per40":22.457891453524653,"net_off_per40":21.079046424090336,"on_off_net_diff_per40":1.3788450294343164},{"player_id":"SLB_A._BROUSSARD","player_name":"A. Broussard","player_label":"A. Broussard · SLB","team_key":"SLB","team_name":"SL Benfica","playing_position":"SG","player_hub_href":"../scouting/player_hubs/player_hub_SLB_SLB_A._BROUSSARD.html","photo_relpath":"assets/player_photos/SLB/SLB_A._BROUSSARD.png","comparison_blurb":"A. Broussard: Creation value · Positive on-off swing","games":1.0,"mpg":24.716666666666665,"ppg":10.0,"rpg":6.0,"apg":4.0,"ts_pct":0.4699248120300752,"efg_pct":0.375,"ast_pct":0.022862368541380886,"tov_pct":0.1582278481012658,"usg_pct":0.20886371346166896,"ortg":127.84895482130817,"drtg":74.44369521240729,"netrtg":53.40525960890088,"minutes_on":24.716666666666665,"minutes_off":15.283333333333333,"on_court_pct":0.6179166666666667,"net_on_per40":53.40525960890088,"net_off_per40":-28.78953107960743,"on_off_net_diff_per40":82.1947906885083},{"player_id":"SLB_M._ROMDHANE","player_name":"M. Romdhane","player_label":"M. Romdhane · SLB","team_key":"SLB","team_name":"SL Benfica","playing_position":"PF","player_hub_href":"../scouting/player_hubs/player_hub_SLB_SLB_M._ROMDHANE.html","photo_relpath":"","comparison_blurb":"M. Romdhane: Secondary scoring profile · Efficient finisher · Negative on-off swing","games":1.0,"mpg":23.833333333333332,"ppg":15.0,"rpg":9.0,"apg":3.0,"ts_pct":0.6970260223048327,"efg_pct":0.7222222222222222,"ast_pct":0.018115942028985508,"tov_pct":0.0,"usg_pct":0.18438827702072055,"ortg":115.80419580419581,"drtg":99.02097902097903,"netrtg":16.783216783216787,"minutes_on":23.833333333333332,"minutes_off":16.166666666666668,"on_court_pct":0.5958333333333333,"net_on_per40":16.783216783216787,"net_off_per40":29.69072164948453,"on_off_net_diff_per40":-12.907504866267743},{"player_id":"SLB_J._SILVA","player_name":"J. Silva","player_label":"J. Silva · SLB","team_key":"SLB","team_name":"SL Benfica","playing_position":"SF","player_hub_href":"../scouting/player_hubs/player_hub_SLB_SLB_J._SILVA.html","photo_relpath":"assets/player_photos/SLB/SLB_J._SILVA.png","comparison_blurb":"J. Silva: Higher scoring load · Efficient finisher","games":1.0,"mpg":23.7,"ppg":18.0,"rpg":3.0,"apg":0.0,"ts_pct":0.75,"efg_pct":0.75,"ast_pct":0.0,"tov_pct":0.07692307692307693,"usg_pct":0.224027239882515,"ortg":102.9535864978903,"drtg":81.0126582278481,"netrtg":21.940928270042193,"minutes_on":23.7,"minutes_off":16.3,"on_court_pct":0.5925,"net_on_per40":21.940928270042193,"net_off_per40":22.085889570552155,"on_off_net_diff_per40":-0.14496130050996214},{"player_id":"SLB_A._DZIEWA","player_name":"A. Dziewa","player_label":"A. Dziewa · SLB","team_key":"SLB","team_name":"SL Benfica","playing_position":"C","player_hub_href":"../scouting/player_hubs/player_hub_SLB_SLB_A._DZIEWA.html","photo_relpath":"assets/player_photos/SLB/SLB_A._DZIEWA.png","comparison_blurb":"A. Dziewa: Higher scoring load · Efficient finisher · Positive on-off swing","games":1.0,"mpg":23.116666666666667,"ppg":19.0,"rpg":4.0,"apg":3.0,"ts_pct":0.6542699724517906,"efg_pct":0.6818181818181818,"ast_pct":0.018815855494229806,"tov_pct":0.0,"usg_pct":0.2565353554345203,"ortg":121.12472963229993,"drtg":79.59625090122566,"netrtg":41.52847873107427,"minutes_on":23.116666666666667,"minutes_off":16.883333333333333,"on_court_pct":0.5779166666666666,"net_on_per40":41.52847873107427,"net_off_per40":-4.738400789733461,"on_off_net_diff_per40":46.266879520807734},{"player_id":"GFC_I._ALMEIDA","player_name":"I. Almeida","player_label":"I. Almeida · GFC","team_key":"GFC","team_name":"Galitos BARREIRO ACEDE","playing_position":"","player_hub_href":"../scouting/player_hubs/player_hub_GFC_GFC_I._ALMEIDA.html","photo_relpath":"assets/player_photos/GFC/GFC_I._ALMEIDA.png","comparison_blurb":"I. Almeida: Secondary scoring profile · Creation value · Efficient finisher","games":1.0,"mpg":21.866666666666667,"ppg":12.0,"rpg":5.0,"apg":5.0,"ts_pct":0.6382978723404255,"efg_pct":0.4,